ID,trips_thousands
ID0001,300.67282
ID0002,306.3714
ID0003,329.75574
ID0004,315.03333
ID0005,250.27629
ID0006,331.02884
ID0007,358.5231
ID0008,284.22134
ID0009,294.2311
ID0010,288.2927
ID0011,282.68515
ID0012,323.75735
ID0013,258.8376
ID0014,267.02625
ID0015,249.18338
ID0016,303.8604
ID0017,302.4217
ID0018,349.97485
ID0019,342.0843
ID0020,282.55176
ID0021,371.488
ID0022,314.54456
ID0023,281.25327
ID0024,284.5721
ID0025,284.88504
ID0026,252.33617
ID0027,298.51566
ID0028,291.4773
ID0029,338.48035
ID0030,279.28162
ID0031,260.8499
ID0032,286.5263
ID0033,314.71484
ID0034,348.18933
ID0035,336.31674
ID0036,323.93918
ID0037,301.4939
ID0038,305.6566
ID0039,271.12344
ID0040,334.164
ID0041,368.6797
ID0042,308.6547
ID0043,253.80817
ID0044,326.88968
ID0045,310.4858
ID0046,315.03824
ID0047,299.43362
ID0048,302.62448
ID0049,379.57974
ID0050,328.4951
ID0051,320.42435
ID0052,278.5874
ID0053,245.03279
ID0054,348.60556
ID0055,290.78012
ID0056,291.61295
ID0057,289.68732
ID0058,248.68791
ID0059,333.91675
ID0060,273.24884
ID0061,287.06836
ID0062,318.67627
ID0063,293.18167
ID0064,266.6989
ID0065,224.3216
ID0066,300.2906
ID0067,330.36365
ID0068,289.85974
ID0069,331.51498
ID0070,285.32504
ID0071,273.2026
ID0072,276.49753
ID0073,283.29086
ID0074,269.34204
ID0075,297.01138
ID0076,299.83508
ID0077,289.26117
ID0078,322.3829
ID0079,295.79327
ID0080,283.8147
ID0081,308.04138
ID0082,301.83884
ID0083,282.17328
ID0084,364.269
ID0085,301.14917
ID0086,270.29846
ID0087,274.6148
ID0088,291.26004
ID0089,319.11035
ID0090,265.87558
ID0091,345.82013
ID0092,327.29507
ID0093,269.7395
ID0094,333.05826
ID0095,346.4315
ID0096,306.55295
ID0097,353.00372
ID0098,316.44827
ID0099,266.39847
ID0100,307.87674
ID0101,278.14594
ID0102,333.5369
ID0103,281.58627
ID0104,314.56754
ID0105,267.47827
ID0106,300.40668
ID0107,295.67413
ID0108,295.11227
ID0109,315.0935
ID0110,290.12323
ID0111,303.6989
ID0112,285.99277
ID0113,272.70602
ID0114,271.69904
ID0115,308.02408
ID0116,261.9732
ID0117,266.95477
ID0118,326.28174
ID0119,306.0
ID0120,283.63092
ID0121,315.02817
ID0122,350.99954
ID0123,256.36383
ID0124,338.5873
ID0125,303.9812
ID0126,302.0588
ID0127,346.44388
ID0128,349.5019
ID0129,246.1883
ID0130,302.3609
ID0131,322.04025
ID0132,291.94717
ID0133,332.45596
ID0134,370.48444
ID0135,306.45804
ID0136,342.1936
ID0137,248.339
ID0138,273.8011
ID0139,306.44547
ID0140,328.04816
ID0141,323.24237
ID0142,357.70142
ID0143,253.74431
ID0144,311.2127
ID0145,305.4198
ID0146,307.39746
ID0147,278.7174
ID0148,314.79126
ID0149,325.69565
ID0150,296.98334
ID0151,298.3546
ID0152,275.98126
ID0153,311.12787
ID0154,290.27664
ID0155,261.87134
ID0156,316.6181
ID0157,345.71832
ID0158,301.58932
ID0159,279.84048
ID0160,324.12247
ID0161,358.86127
ID0162,303.1592
ID0163,330.84232
ID0164,263.54092
ID0165,274.2337
ID0166,296.05692
ID0167,299.17636
ID0168,317.0659
ID0169,332.90448
ID0170,285.08826
ID0171,229.8494
ID0172,239.38733
ID0173,253.5927
ID0174,268.4809
ID0175,294.43152
ID0176,343.91306
ID0177,330.6588
ID0178,346.72543
ID0179,339.8681
ID0180,304.52237
ID0181,306.2173
ID0182,295.3751
ID0183,352.1881
ID0184,296.05832
ID0185,320.6491
ID0186,282.8878
ID0187,320.65576
ID0188,270.6559
ID0189,346.44858
ID0190,300.8526
ID0191,257.28104
ID0192,294.03955
ID0193,297.4236
ID0194,284.5865
ID0195,301.44275
ID0196,324.25262
ID0197,241.63686
ID0198,274.47513
ID0199,265.55927
ID0200,262.05106
ID0201,301.26584
ID0202,333.49478
ID0203,275.57626
ID0204,269.39108
ID0205,286.22098
ID0206,277.22452
ID0207,300.05554
ID0208,323.3099
ID0209,322.23462
ID0210,326.15433
ID0211,291.44962
ID0212,330.49103
ID0213,317.37805
ID0214,285.23904
ID0215,264.03574
ID0216,324.54657
ID0217,296.91965
ID0218,315.06982
ID0219,314.44833
ID0220,321.76086
ID0221,291.8556
ID0222,299.16788
ID0223,264.01114
ID0224,280.05
ID0225,292.0972
ID0226,341.31406
ID0227,313.84235
ID0228,325.54797
ID0229,284.60815
ID0230,376.65985
ID0231,319.1703
ID0232,348.28458
ID0233,312.23273
ID0234,245.2659
ID0235,314.4392
ID0236,248.0476
ID0237,234.51003
ID0238,357.01672
ID0239,328.77444
ID0240,293.1591
ID0241,279.15973
ID0242,306.56204
ID0243,294.02844
ID0244,329.17032
ID0245,294.81097
ID0246,264.8829
ID0247,296.56247
ID0248,292.22336
ID0249,278.5965
ID0250,349.35083
ID0251,310.46323
ID0252,335.44635
ID0253,247.177
ID0254,293.4682
ID0255,318.54898
ID0256,290.47278
ID0257,312.68613
ID0258,266.85312
ID0259,314.05075
ID0260,289.34766
ID0261,315.83487
ID0262,306.54523
ID0263,286.9998
ID0264,337.2663
ID0265,243.5095
ID0266,309.0705
ID0267,344.8923
ID0268,268.89114
ID0269,244.4896
ID0270,349.97635
ID0271,290.97208
ID0272,319.7701
ID0273,291.84152
ID0274,328.09717
ID0275,294.36902
ID0276,322.99432
ID0277,310.5991
ID0278,277.6933
ID0279,245.1222
ID0280,381.48907
ID0281,369.84372
ID0282,290.52264
ID0283,315.01608
ID0284,334.75937
ID0285,348.46152
ID0286,320.79437
ID0287,335.64365
ID0288,309.2456
ID0289,315.2394
ID0290,321.44235
ID0291,287.52347
ID0292,296.20755
ID0293,279.05734
ID0294,354.31976
ID0295,311.10382
ID0296,262.56305
ID0297,292.61273
ID0298,359.52686
ID0299,259.97397
ID0300,347.46338
ID0301,363.81125
ID0302,320.61575
ID0303,330.31543
ID0304,286.09283
ID0305,289.35117
ID0306,295.03397
ID0307,296.16382
ID0308,262.05893
ID0309,339.76257
ID0310,292.11737
ID0311,313.6124
ID0312,299.49896
ID0313,321.45782
ID0314,282.75354
ID0315,294.9513
ID0316,291.78113
ID0317,359.3466
ID0318,307.78714
ID0319,310.69543
ID0320,334.06287
ID0321,313.41986
ID0322,260.93372
ID0323,324.9345
ID0324,324.0993
ID0325,314.67804
ID0326,297.98825
ID0327,355.08185
ID0328,358.85052
ID0329,296.46426
ID0330,328.17303
ID0331,300.6182
ID0332,321.4329
ID0333,295.68692
ID0334,350.63953
ID0335,308.227
ID0336,331.76205
ID0337,335.5482
ID0338,291.4173
ID0339,269.32315
ID0340,315.80753
ID0341,340.98068
ID0342,302.03168
ID0343,344.1366
ID0344,308.826
ID0345,254.73842
ID0346,286.5707
ID0347,292.3646
ID0348,282.49768
ID0349,296.0889
ID0350,311.07242
ID0351,283.38522
ID0352,312.73395
ID0353,322.72626
ID0354,341.40494
ID0355,274.32095
ID0356,265.92023
ID0357,245.42683
ID0358,324.41632
ID0359,279.4144
ID0360,282.91537
ID0361,267.41766
ID0362,258.87875
ID0363,337.3642
ID0364,321.19763
ID0365,312.2429
ID0366,305.6882
ID0367,295.84534
ID0368,285.1549
ID0369,360.6147
ID0370,325.255
ID0371,295.21906
ID0372,305.6293
ID0373,301.54724
ID0374,293.9657
ID0375,283.06348
ID0376,283.89185
ID0377,291.3731
ID0378,276.35577
ID0379,302.8263
ID0380,333.59253
ID0381,287.1283
ID0382,321.90057
ID0383,302.95895
ID0384,323.49973
ID0385,324.51132
ID0386,301.62158
ID0387,238.60744
ID0388,302.95758
ID0389,289.6125
ID0390,229.71533
ID0391,289.7556
ID0392,271.79507
ID0393,291.76862
ID0394,291.68597
ID0395,347.50388
ID0396,327.10562
ID0397,239.10242
ID0398,296.68134
ID0399,330.6486
ID0400,311.5911
ID0401,264.27423
ID0402,290.18048
ID0403,324.509
ID0404,318.288
ID0405,236.4972
ID0406,262.82214
ID0407,310.82605
ID0408,334.26437
ID0409,304.92117
ID0410,339.78003
ID0411,358.95993
ID0412,281.65494
ID0413,285.1263
ID0414,283.94986
ID0415,309.69565
ID0416,280.658
ID0417,287.29196
ID0418,299.57858
ID0419,303.31686
ID0420,348.77997
ID0421,293.28558
ID0422,326.7481
ID0423,310.05185
ID0424,316.66275
ID0425,338.686
ID0426,256.2603
ID0427,273.36185
ID0428,244.9324
ID0429,317.85052
ID0430,317.49323
ID0431,282.28363
ID0432,280.75845
ID0433,300.8025
ID0434,317.3542
ID0435,334.4533
ID0436,319.74722
ID0437,289.4762
ID0438,363.6605
ID0439,253.9855
ID0440,293.48718
ID0441,290.1539
ID0442,327.02374
ID0443,285.17508
ID0444,310.25494
ID0445,293.84888
ID0446,298.39212
ID0447,296.82397
ID0448,281.54953
ID0449,252.41429
ID0450,336.34125
ID0451,343.7262
ID0452,325.6478
ID0453,329.9416
ID0454,308.84338
ID0455,322.43436
ID0456,294.5134
ID0457,228.12996
ID0458,365.16806
ID0459,292.93375
ID0460,295.20416
ID0461,298.70267
ID0462,244.4228
ID0463,305.5575
ID0464,311.5498
ID0465,269.76453
ID0466,323.42606
ID0467,299.57397
ID0468,312.63428
ID0469,287.3675
ID0470,343.762
ID0471,343.39154
ID0472,320.9427
ID0473,328.87982
ID0474,280.1097
ID0475,303.72763
ID0476,350.76883
ID0477,260.9464
ID0478,290.2712
ID0479,313.9279
ID0480,274.291
ID0481,228.516
ID0482,255.63953
ID0483,262.6361
ID0484,289.13672
ID0485,282.68585
ID0486,359.58136
ID0487,281.78464
ID0488,339.51218
ID0489,299.41278
ID0490,307.0462
ID0491,334.39536
ID0492,343.75897
ID0493,308.817
ID0494,300.26535
ID0495,378.86417
ID0496,327.46805
ID0497,305.41785
ID0498,290.5158
ID0499,294.3205
ID0500,321.02164
ID0501,319.79214
ID0502,259.01505
ID0503,301.18903
ID0504,342.05035
ID0505,324.36157
ID0506,328.9535
ID0507,304.9074
ID0508,335.20685
ID0509,272.5538
ID0510,343.9176
ID0511,324.38202
ID0512,274.24393
ID0513,283.58566
ID0514,324.97974
ID0515,239.97487
ID0516,274.75534
ID0517,317.17462
ID0518,264.71582
ID0519,248.41275
ID0520,340.07022
ID0521,258.6742
ID0522,298.80182
ID0523,352.16553
ID0524,316.36868
ID0525,261.22122
ID0526,249.39787
ID0527,257.58185
ID0528,348.39417
ID0529,293.5446
ID0530,353.3119
ID0531,316.5401
ID0532,337.29453
ID0533,282.06625
ID0534,347.25262
ID0535,348.52335
ID0536,308.9244
ID0537,280.29587
ID0538,334.46744
ID0539,290.20084
ID0540,324.44952
ID0541,256.21497
ID0542,333.87915
ID0543,303.1604
ID0544,355.64935
ID0545,328.69452
ID0546,276.9844
ID0547,263.88727
ID0548,287.3368
ID0549,320.9845
ID0550,282.2537
ID0551,293.68936
ID0552,310.03372
ID0553,313.66272
ID0554,286.69077
ID0555,315.99445
ID0556,298.71384
ID0557,266.93353
ID0558,259.00302
ID0559,271.75626
ID0560,334.84
ID0561,295.20685
ID0562,282.37527
ID0563,342.32855
ID0564,286.10745
ID0565,299.43222
ID0566,345.97604
ID0567,289.959
ID0568,315.4421
ID0569,350.2568
ID0570,305.89078
ID0571,295.8411
ID0572,329.7517
ID0573,316.61307
ID0574,279.99478
ID0575,351.99744
ID0576,314.22165
ID0577,287.98306
ID0578,323.20145
ID0579,299.64578
ID0580,371.38205
ID0581,291.23203
ID0582,325.75778
ID0583,353.9551
ID0584,294.52557
ID0585,293.67303
ID0586,347.10535
ID0587,301.82712
ID0588,314.49295
ID0589,264.39468
ID0590,341.41394
ID0591,243.4537
ID0592,346.64578
ID0593,346.68555
ID0594,327.50195
ID0595,307.02646
ID0596,281.88922
ID0597,330.8091
ID0598,296.25668
ID0599,354.3817
ID0600,282.01218
ID0601,273.21762
ID0602,283.90146
ID0603,316.5657
ID0604,275.79868
ID0605,331.37112
ID0606,283.20728
ID0607,256.35126
ID0608,253.29062
ID0609,322.9825
ID0610,285.9717
ID0611,278.67538
ID0612,339.1487
ID0613,312.5691
ID0614,253.78384
ID0615,282.99686
ID0616,305.2867
ID0617,254.52977
ID0618,224.05125
ID0619,338.3333
ID0620,324.13474
ID0621,304.10736
ID0622,325.16083
ID0623,327.99496
ID0624,324.3567
ID0625,280.403
ID0626,257.32983
ID0627,259.115
ID0628,335.30777
ID0629,284.91742
ID0630,258.9704
ID0631,296.4148
ID0632,318.22772
ID0633,314.01028
ID0634,276.6862
ID0635,293.4346
ID0636,313.23492
ID0637,366.8257
ID0638,324.78497
ID0639,309.28217
ID0640,263.82858
ID0641,347.92343
ID0642,274.3134
ID0643,292.36536
ID0644,240.11537
ID0645,297.67593
ID0646,327.0927
ID0647,302.07666
ID0648,307.0242
ID0649,286.95142
ID0650,288.5398
ID0651,271.63168
ID0652,270.2566
ID0653,315.0616
ID0654,335.80493
ID0655,309.38242
ID0656,274.60916
ID0657,299.95163
ID0658,302.30988
ID0659,274.1908
ID0660,265.07718
ID0661,307.2425
ID0662,320.03564
ID0663,284.96335
ID0664,294.23856
ID0665,316.50436
ID0666,299.77356
ID0667,319.63885
ID0668,287.12204
ID0669,292.5086
ID0670,278.59048
ID0671,274.40826
ID0672,258.78558
ID0673,274.0493
ID0674,269.04623
ID0675,297.38943
ID0676,331.2007
ID0677,253.14162
ID0678,288.1444
ID0679,251.16144
ID0680,291.13956
ID0681,317.69626
ID0682,260.3177
ID0683,297.50772
ID0684,261.3963
ID0685,305.64688
ID0686,282.39603
ID0687,365.0165
ID0688,275.18
ID0689,264.79907
ID0690,322.95822
ID0691,328.1096
ID0692,270.98477
ID0693,290.34653
ID0694,280.81808
ID0695,300.2306
ID0696,283.6803
ID0697,352.97528
ID0698,301.66687
ID0699,338.60175
ID0700,317.62198
ID0701,357.31497
ID0702,244.35568
ID0703,283.3785
ID0704,327.7747
ID0705,333.91116
ID0706,301.9629
ID0707,285.119
ID0708,284.93732
ID0709,231.93628
ID0710,298.98456
ID0711,276.7151
ID0712,280.31827
ID0713,354.97284
ID0714,280.0305
ID0715,333.7102
ID0716,289.4842
ID0717,274.04858
ID0718,323.838
ID0719,304.51086
ID0720,266.443
ID0721,288.0672
ID0722,279.06277
ID0723,293.20462
ID0724,275.7935
ID0725,318.04364
ID0726,232.7686
ID0727,302.40784
ID0728,283.21573
ID0729,339.36743
ID0730,274.65887
ID0731,301.2289
ID0732,247.80545
ID0733,331.37027
ID0734,299.8279
ID0735,306.61942
ID0736,301.70404
ID0737,262.04245
ID0738,290.81253
ID0739,290.76093
ID0740,330.24844
ID0741,289.96536
ID0742,280.4286
ID0743,342.2099
ID0744,302.33234
ID0745,287.85147
ID0746,251.94083
ID0747,283.79172
ID0748,369.9646
ID0749,329.1865
ID0750,320.86765
ID0751,323.78503
ID0752,259.2111
ID0753,271.93832
ID0754,262.63455
ID0755,285.6465
ID0756,282.1091
ID0757,319.03738
ID0758,276.78647
ID0759,283.23196
ID0760,303.2838
ID0761,286.47873
ID0762,291.12402
ID0763,313.7576
ID0764,304.5106
ID0765,338.94424
ID0766,305.5705
ID0767,315.0373
ID0768,296.31046
ID0769,315.85806
ID0770,276.73288
ID0771,336.85318
ID0772,357.75305
ID0773,244.92099
ID0774,296.80722
ID0775,321.52643
ID0776,281.9395
ID0777,298.32434
ID0778,254.17226
ID0779,296.93106
ID0780,320.2791
ID0781,298.14273
ID0782,297.55997
ID0783,326.32303
ID0784,288.97336
ID0785,331.56033
ID0786,287.53885
ID0787,270.27014
ID0788,303.81415
ID0789,361.52927
ID0790,299.15738
ID0791,274.69846
ID0792,303.4715
ID0793,283.34424
ID0794,315.51132
ID0795,295.44202
ID0796,344.5666
ID0797,258.82104
ID0798,290.91995
ID0799,306.15872
ID0800,302.56628
ID0801,323.22324
ID0802,318.0526
ID0803,304.94354
ID0804,285.64365
ID0805,276.05032
ID0806,270.21738
ID0807,307.58887
ID0808,318.91965
ID0809,282.4312
ID0810,367.8159
ID0811,361.36295
ID0812,320.40457
ID0813,300.5315
ID0814,263.67993
ID0815,307.72293
ID0816,298.21512
ID0817,346.7309
ID0818,323.6897
ID0819,261.67032
ID0820,246.34883
ID0821,298.751
ID0822,266.37085
ID0823,282.6791
ID0824,298.55106
ID0825,307.16898
ID0826,269.20294
ID0827,279.94122
ID0828,313.11575
ID0829,316.59485
ID0830,306.6263
ID0831,306.1187
ID0832,262.62048
ID0833,338.8281
ID0834,303.9113
ID0835,328.81558
ID0836,339.66675
ID0837,292.38568
ID0838,262.44043
ID0839,324.3979
ID0840,295.64767
ID0841,296.8598
ID0842,320.88617
ID0843,322.7673
ID0844,296.3666
ID0845,324.4173
ID0846,321.8537
ID0847,315.09216
ID0848,272.1979
ID0849,337.8641
ID0850,329.6325
ID0851,270.7498
ID0852,318.63632
ID0853,282.4452
ID0854,302.16843
ID0855,277.43356
ID0856,311.91696
ID0857,276.59525
ID0858,297.4063
ID0859,294.21896
ID0860,286.22604
ID0861,251.56676
ID0862,270.94943
ID0863,335.1366
ID0864,312.50113
ID0865,320.1714
ID0866,259.57053
ID0867,291.22488
ID0868,295.1075
ID0869,354.24713
ID0870,310.86887
ID0871,268.4478
ID0872,249.13626
ID0873,277.94022
ID0874,280.59656
ID0875,344.19473
ID0876,315.71008
ID0877,268.3994
ID0878,335.16922
ID0879,302.02478
ID0880,306.89648
ID0881,280.44058
ID0882,252.64566
ID0883,315.3545
ID0884,350.43423
ID0885,262.26285
ID0886,292.22537
ID0887,353.16638
ID0888,333.0769
ID0889,285.67697
ID0890,264.80743
ID0891,286.56693
ID0892,254.23683
ID0893,274.4231
ID0894,297.9247
ID0895,304.2675
ID0896,309.8304
ID0897,319.52563
ID0898,320.94965
ID0899,337.04398
ID0900,298.89755
ID0901,314.06577
ID0902,355.89322
ID0903,284.01855
ID0904,326.54105
ID0905,308.15985
ID0906,314.15292
ID0907,266.00983
ID0908,312.84576
ID0909,278.99048
ID0910,289.74777
ID0911,300.5523
ID0912,223.45386
ID0913,242.84451
ID0914,298.39627
ID0915,261.04703
ID0916,305.9561
ID0917,318.75513
ID0918,301.1144
ID0919,245.9331
ID0920,288.49472
ID0921,297.12097
ID0922,322.80722
ID0923,286.39185
ID0924,243.9102
ID0925,280.2566
ID0926,245.10155
ID0927,344.1112
ID0928,284.26907
ID0929,276.2142
ID0930,321.78293
ID0931,307.83765
ID0932,267.4389
ID0933,321.1402
ID0934,293.88077
ID0935,331.93323
ID0936,334.78018
ID0937,264.38895
ID0938,272.53836
ID0939,296.89087
ID0940,343.40384
ID0941,324.54565
ID0942,327.5041
ID0943,236.13828
ID0944,310.25195
ID0945,281.41003
ID0946,284.4874
ID0947,340.24026
ID0948,328.30176
ID0949,282.12405
ID0950,329.77954
ID0951,307.88052
ID0952,275.9903
ID0953,290.9953
ID0954,275.44876
ID0955,249.2756
ID0956,291.28906
ID0957,309.13217
ID0958,323.9865
ID0959,317.82578
ID0960,274.61264
ID0961,240.34029
ID0962,283.02612
ID0963,247.28085
ID0964,329.03192
ID0965,288.1932
ID0966,339.66638
ID0967,303.55383
ID0968,350.4258
ID0969,302.03546
ID0970,306.71063
ID0971,286.20428
ID0972,313.6804
ID0973,292.53925
ID0974,344.93018
ID0975,301.34604
ID0976,283.1542
ID0977,329.83334
ID0978,285.73724
ID0979,272.84482
ID0980,325.9078
ID0981,278.46716
ID0982,289.83688
ID0983,353.38968
ID0984,293.898
ID0985,310.018
ID0986,321.9445
ID0987,274.3176
ID0988,282.6584
ID0989,326.04666
ID0990,267.8488
ID0991,314.9506
ID0992,306.261
ID0993,263.11386
ID0994,309.98193
ID0995,287.70663
ID0996,322.9742
ID0997,297.5422
ID0998,341.37128
ID0999,310.40756
ID1000,281.85257
ID1001,318.57907
ID1002,270.07004
ID1003,285.25366
ID1004,302.69482
ID1005,274.6878
ID1006,239.24359
ID1007,300.4931
ID1008,297.00504
ID1009,278.7012
ID1010,324.25827
ID1011,319.25366
ID1012,305.08072
ID1013,324.27698
ID1014,306.6653
ID1015,322.69263
ID1016,303.25473
ID1017,261.2762
ID1018,318.26328
ID1019,301.32245
ID1020,335.64694
ID1021,275.40997
ID1022,332.0157
ID1023,319.6922
ID1024,340.14062
ID1025,291.30194
ID1026,348.40002
ID1027,279.97772
ID1028,287.8488
ID1029,265.49023
ID1030,298.76956
ID1031,282.37122
ID1032,324.4527
ID1033,308.33728
ID1034,314.3615
ID1035,255.43344
ID1036,354.4657
ID1037,301.60178
ID1038,294.0764
ID1039,301.16702
ID1040,298.08133
ID1041,274.3456
ID1042,293.4899
ID1043,282.09967
ID1044,318.19144
ID1045,279.88287
ID1046,305.8239
ID1047,330.4281
ID1048,288.70743
ID1049,302.64706
ID1050,286.80658
ID1051,252.35008
ID1052,275.99933
ID1053,309.1499
ID1054,354.93304
ID1055,350.84827
ID1056,372.19403
ID1057,295.02377
ID1058,279.29016
ID1059,320.523
ID1060,345.53757
ID1061,323.5178
ID1062,315.5278
ID1063,290.3967
ID1064,344.38577
ID1065,366.35522
ID1066,259.58197
ID1067,314.8762
ID1068,301.74585
ID1069,241.07538
ID1070,320.26324
ID1071,255.53815
ID1072,304.90198
ID1073,316.09842
ID1074,346.71436
ID1075,338.59634
ID1076,334.93542
ID1077,264.03873
ID1078,303.15073
ID1079,291.30142
ID1080,262.9674
ID1081,316.6568
ID1082,297.7134
ID1083,350.67908
ID1084,323.3383
ID1085,330.94415
ID1086,288.4567
ID1087,255.28334
ID1088,315.63724
ID1089,328.96634
ID1090,347.9137
ID1091,277.99448
ID1092,251.35034
ID1093,279.32602
ID1094,297.93295
ID1095,286.2883
ID1096,307.95804
ID1097,270.86475
ID1098,331.83902
ID1099,283.6674
ID1100,269.2784
ID1101,337.3733
ID1102,332.4007
ID1103,286.7566
ID1104,310.619
ID1105,327.37872
ID1106,256.3507
ID1107,243.36723
ID1108,328.41367
ID1109,224.72385
ID1110,293.46274
ID1111,331.6677
ID1112,302.61844
ID1113,294.80005
ID1114,315.56876
ID1115,288.93735
ID1116,348.6704
ID1117,342.88324
ID1118,333.86627
ID1119,299.1476
ID1120,304.40427
ID1121,281.9144
ID1122,341.02368
ID1123,331.50177
ID1124,286.05643
ID1125,263.24158
ID1126,303.35468
ID1127,260.73672
ID1128,327.7437
ID1129,267.53705
ID1130,262.93384
ID1131,290.07278
ID1132,238.78687
ID1133,275.14188
ID1134,321.02432
ID1135,306.99255
ID1136,339.7083
ID1137,350.73755
ID1138,267.7781
ID1139,299.60147
ID1140,319.06906
ID1141,288.45734
ID1142,275.90472
ID1143,292.9799
ID1144,297.98447
ID1145,337.93903
ID1146,285.9082
ID1147,328.48364
ID1148,305.6726
ID1149,286.87466
ID1150,271.25128
ID1151,292.34344
ID1152,286.71954
ID1153,304.25192
ID1154,316.26547
ID1155,333.2908
ID1156,286.84164
ID1157,363.96744
ID1158,281.5798
ID1159,301.4556
ID1160,276.63547
ID1161,296.54953
ID1162,266.18423
ID1163,317.72116
ID1164,257.77255
ID1165,288.0593
ID1166,232.40259
ID1167,310.37106
ID1168,295.12427
ID1169,294.63214
ID1170,306.54248
ID1171,304.0768
ID1172,267.08218
ID1173,268.41293
ID1174,280.92874
ID1175,315.5517
ID1176,249.70593
ID1177,301.77304
ID1178,272.68878
ID1179,326.2757
ID1180,285.40094
ID1181,341.29788
ID1182,286.97147
ID1183,286.30682
ID1184,266.95746
ID1185,344.4495
ID1186,311.54706
ID1187,301.86252
ID1188,263.04675
ID1189,366.0178
ID1190,245.98105
ID1191,336.6847
ID1192,280.95132
ID1193,324.19882
ID1194,337.01227
ID1195,311.9494
ID1196,295.98773
ID1197,302.2971
ID1198,295.90704
ID1199,285.8405
ID1200,290.5857
ID1201,295.80576
ID1202,261.8876
ID1203,298.39566
ID1204,283.638
ID1205,337.6502
ID1206,285.34448
ID1207,290.27298
ID1208,311.75406
ID1209,309.16794
ID1210,280.90063
ID1211,294.79266
ID1212,327.40726
ID1213,316.176
ID1214,309.89774
ID1215,292.07782
ID1216,281.53583
ID1217,304.85083
ID1218,314.47186
ID1219,354.20215
ID1220,285.1706
ID1221,303.95145
ID1222,319.8394
ID1223,284.55576
ID1224,318.86188
ID1225,276.08563
ID1226,284.98724
ID1227,251.24257
ID1228,302.80957
ID1229,368.5239
ID1230,278.34952
ID1231,328.54733
ID1232,348.6509
ID1233,338.07526
ID1234,332.96695
ID1235,278.34277
ID1236,330.22095
ID1237,281.865
ID1238,218.96556
ID1239,294.354
ID1240,332.69702
ID1241,299.87662
ID1242,298.88467
ID1243,327.2227
ID1244,289.936
ID1245,304.14703
ID1246,259.6474
ID1247,280.87274
ID1248,347.31418
ID1249,331.51764
ID1250,316.16895
ID1251,287.9181
ID1252,305.11728
ID1253,306.28003
ID1254,268.67755
ID1255,325.94702
ID1256,230.62286
ID1257,347.3254
ID1258,277.79517
ID1259,305.6091
ID1260,280.02124
ID1261,295.06598
ID1262,345.67014
ID1263,323.93597
ID1264,256.38776
ID1265,289.6464
ID1266,285.13998
ID1267,298.60373
ID1268,311.87048
ID1269,367.5604
ID1270,310.23575
ID1271,309.45844
ID1272,304.93655
ID1273,283.17212
ID1274,374.0238
ID1275,255.57465
ID1276,318.19733
ID1277,271.84854
ID1278,340.33078
ID1279,305.98947
ID1280,284.39993
ID1281,287.14853
ID1282,317.86865
ID1283,305.2624
ID1284,316.8995
ID1285,330.8594
ID1286,272.3533
ID1287,283.7852
ID1288,319.17584
ID1289,337.63385
ID1290,334.2421
ID1291,289.20697
ID1292,339.37628
ID1293,272.7517
ID1294,286.50293
ID1295,294.69772
ID1296,308.7405
ID1297,288.8242
ID1298,271.25006
ID1299,253.13321
ID1300,349.04468
ID1301,276.98822
ID1302,314.6088
ID1303,238.88036
ID1304,263.06967
ID1305,267.03604
ID1306,247.7762
ID1307,308.0424
ID1308,326.74988
ID1309,268.28323
ID1310,345.1051
ID1311,283.54434
ID1312,295.5334
ID1313,331.04956
ID1314,296.16727
ID1315,294.85757
ID1316,298.1394
ID1317,254.12436
ID1318,248.30339
ID1319,366.73886
ID1320,296.5022
ID1321,330.41388
ID1322,328.64905
ID1323,287.99982
ID1324,290.49234
ID1325,332.56464
ID1326,320.8853
ID1327,296.16092
ID1328,280.37134
ID1329,292.20895
ID1330,333.4593
ID1331,317.15482
ID1332,260.47705
ID1333,257.2909
ID1334,355.67175
ID1335,287.31274
ID1336,297.74323
ID1337,297.6849
ID1338,308.58142
ID1339,296.98676
ID1340,330.62018
ID1341,288.53653
ID1342,251.4837
ID1343,288.0778
ID1344,295.123
ID1345,297.5568
ID1346,328.93076
ID1347,320.38602
ID1348,270.92996
ID1349,252.09988
ID1350,309.85004
ID1351,304.51022
ID1352,315.13086
ID1353,299.62796
ID1354,349.64264
ID1355,383.128
ID1356,268.11667
ID1357,277.84906
ID1358,331.29202
ID1359,315.94666
ID1360,289.3583
ID1361,326.20175
ID1362,289.3404
ID1363,247.82579
ID1364,300.64883
ID1365,285.6219
ID1366,314.40063
ID1367,313.2874
ID1368,265.27176
ID1369,326.56863
ID1370,347.07266
ID1371,330.9408
ID1372,338.41617
ID1373,347.1364
ID1374,257.98126
ID1375,257.3328
ID1376,287.62918
ID1377,367.2283
ID1378,291.758
ID1379,359.46646
ID1380,311.41342
ID1381,296.34677
ID1382,271.46704
ID1383,288.23117
ID1384,296.05557
ID1385,299.23526
ID1386,291.16275
ID1387,254.63759
ID1388,325.0304
ID1389,305.80383
ID1390,281.64047
ID1391,316.82693
ID1392,295.54236
ID1393,251.33798
ID1394,332.6075
ID1395,277.6781
ID1396,364.07663
ID1397,327.0138
ID1398,334.90393
ID1399,269.98492
ID1400,363.49338
ID1401,290.15814
ID1402,311.98782
ID1403,306.46378
ID1404,301.54684
ID1405,329.32654
ID1406,301.03717
ID1407,302.8781
ID1408,290.26657
ID1409,357.49466
ID1410,324.47055
ID1411,294.11078
ID1412,308.07693
ID1413,277.87088
ID1414,280.35388
ID1415,356.74005
ID1416,313.21417
ID1417,285.93503
ID1418,320.2527
ID1419,324.68304
ID1420,294.76755
ID1421,342.3348
ID1422,327.0915
ID1423,288.4003
ID1424,363.31015
ID1425,296.8517
ID1426,235.56145
ID1427,304.29504
ID1428,329.24857
ID1429,338.62177
ID1430,315.5741
ID1431,293.35468
ID1432,341.134
ID1433,333.16266
ID1434,271.99045
ID1435,372.8983
ID1436,294.3422
ID1437,276.24936
ID1438,289.742
ID1439,271.70627
ID1440,306.58966
ID1441,308.24258
ID1442,327.99802
ID1443,336.1401
ID1444,294.2006
ID1445,335.34015
ID1446,293.12494
ID1447,338.97595
ID1448,288.57126
ID1449,322.8193
ID1450,268.76627
ID1451,320.3035
ID1452,285.41977
ID1453,323.95627
ID1454,244.65106
ID1455,307.04785
ID1456,291.4252
ID1457,338.23447
ID1458,313.12714
ID1459,282.67178
ID1460,276.5306
ID1461,354.51566
ID1462,344.13016
ID1463,285.9958
ID1464,274.9074
ID1465,283.94507
ID1466,312.25348
ID1467,259.80112
ID1468,271.52606
ID1469,341.5545
ID1470,333.4791
ID1471,329.5016
ID1472,243.26291
ID1473,287.71686
ID1474,352.9274
ID1475,337.22122
ID1476,318.7751
ID1477,326.66223
ID1478,297.08124
ID1479,331.4203
ID1480,275.97504
ID1481,308.8655
ID1482,333.41068
ID1483,324.29932
ID1484,324.3584
ID1485,272.8334
ID1486,326.3438
ID1487,294.39755
ID1488,296.19156
ID1489,297.78308
ID1490,290.90497
ID1491,264.11667
ID1492,275.46564
ID1493,325.20007
ID1494,281.80984
ID1495,366.73788
ID1496,296.60785
ID1497,326.15143
ID1498,316.2786
ID1499,289.03458
ID1500,268.07422
ID1501,268.29376
ID1502,242.09882
ID1503,317.90048
ID1504,284.76608
ID1505,302.53955
ID1506,277.7235
ID1507,299.37436
ID1508,315.29907
ID1509,236.15984
ID1510,252.75018
ID1511,251.10791
ID1512,305.5141
ID1513,314.32513
ID1514,325.95367
ID1515,269.53436
ID1516,303.2688
ID1517,254.97356
ID1518,300.93518
ID1519,278.64026
ID1520,364.0298
ID1521,248.2853
ID1522,326.65817
ID1523,317.38382
ID1524,253.13371
ID1525,309.23785
ID1526,303.4935
ID1527,240.74872
ID1528,299.81802
ID1529,320.0311
ID1530,320.97128
ID1531,296.14752
ID1532,352.6413
ID1533,312.6299
ID1534,269.1839
ID1535,324.79724
ID1536,277.82822
ID1537,295.84454
ID1538,281.1347
ID1539,311.13528
ID1540,281.0998
ID1541,301.39246
ID1542,300.50595
ID1543,298.79932
ID1544,250.44957
ID1545,269.44867
ID1546,316.5142
ID1547,325.42157
ID1548,312.12704
ID1549,294.6814
ID1550,276.40808
ID1551,282.4064
ID1552,334.46588
ID1553,280.6124
ID1554,320.8998
ID1555,335.90866
ID1556,307.87723
ID1557,301.0109
ID1558,342.389
ID1559,307.1887
ID1560,323.0348
ID1561,286.748
ID1562,293.76614
ID1563,267.07675
ID1564,298.22015
ID1565,308.30206
ID1566,289.25262
ID1567,285.37317
ID1568,306.79807
ID1569,314.07498
ID1570,306.88788
ID1571,289.28503
ID1572,284.52515
ID1573,308.5204
ID1574,344.06235
ID1575,300.02515
ID1576,362.9347
ID1577,300.03888
ID1578,262.77365
ID1579,327.0128
ID1580,264.65213
ID1581,290.84567
ID1582,294.26422
ID1583,353.94284
ID1584,337.02628
ID1585,305.56082
ID1586,237.48343
ID1587,288.3832
ID1588,292.02078
ID1589,322.16714
ID1590,312.32776
ID1591,360.02762
ID1592,348.9852
ID1593,253.06592
ID1594,362.67557
ID1595,343.28012
ID1596,286.35846
ID1597,321.99542
ID1598,331.7644
ID1599,296.72147
ID1600,324.7469
ID1601,296.28085
ID1602,284.70627
ID1603,293.3276
ID1604,285.82773
ID1605,336.99603
ID1606,344.82056
ID1607,305.8032
ID1608,292.4872
ID1609,273.0726
ID1610,246.6343
ID1611,271.56067
ID1612,362.89355
ID1613,339.8535
ID1614,297.84988
ID1615,307.89392
ID1616,303.78906
ID1617,318.3988
ID1618,345.01105
ID1619,302.58472
ID1620,323.36282
ID1621,311.48145
ID1622,282.18854
ID1623,324.96686
ID1624,386.74533
ID1625,352.60495
ID1626,308.76648
ID1627,326.257
ID1628,285.87744
ID1629,231.17216
ID1630,367.06418
ID1631,354.95728
ID1632,289.58548
ID1633,289.52713
ID1634,332.488
ID1635,294.5086
ID1636,317.42426
ID1637,321.65915
ID1638,329.8442
ID1639,316.3403
ID1640,388.87482
ID1641,344.6109
ID1642,275.30893
ID1643,349.6177
ID1644,280.81033
ID1645,265.00574
ID1646,247.6622
ID1647,298.80597
ID1648,229.6161
ID1649,273.7511
ID1650,262.2005
ID1651,281.52966
ID1652,313.2891
ID1653,301.58176
ID1654,325.53482
ID1655,323.41895
ID1656,273.03568
ID1657,298.18884
ID1658,283.22577
ID1659,265.37674
ID1660,243.10315
ID1661,320.02505
ID1662,274.01004
ID1663,253.86433
ID1664,352.2392
ID1665,344.849
ID1666,229.64793
ID1667,265.1474
ID1668,319.5886
ID1669,380.8689
ID1670,294.8748
ID1671,321.41092
ID1672,338.65384
ID1673,345.48727
ID1674,316.92224
ID1675,321.13116
ID1676,295.58676
ID1677,293.04596
ID1678,332.70975
ID1679,296.1559
ID1680,321.01752
ID1681,288.22507
ID1682,302.41708
ID1683,366.59628
ID1684,316.54675
ID1685,295.60147
ID1686,344.51776
ID1687,303.3075
ID1688,272.66824
ID1689,308.52722
ID1690,330.04306
ID1691,333.16864
ID1692,301.96426
ID1693,310.12372
ID1694,279.3259
ID1695,281.70236
ID1696,340.99454
ID1697,340.62234
ID1698,304.67996
ID1699,315.1391
ID1700,310.23135
ID1701,282.37085
ID1702,271.3058
ID1703,258.68942
ID1704,286.51447
ID1705,300.71075
ID1706,291.95718
ID1707,305.72415
ID1708,285.23767
ID1709,304.00018
ID1710,293.0591
ID1711,288.22482
ID1712,308.68246
ID1713,341.60675
ID1714,288.67767
ID1715,298.97955
ID1716,298.97882
ID1717,297.14282
ID1718,312.40137
ID1719,280.2281
ID1720,305.94806
ID1721,309.64172
ID1722,350.30417
ID1723,298.14337
ID1724,305.03204
ID1725,328.89822
ID1726,310.0792
ID1727,303.93146
ID1728,336.63947
ID1729,254.7074
ID1730,276.1044
ID1731,287.96738
ID1732,295.6401
ID1733,228.7666
ID1734,326.2805
ID1735,304.5912
ID1736,324.5172
ID1737,284.14972
ID1738,343.2141
ID1739,310.48456
ID1740,311.59937
ID1741,298.15173
ID1742,321.1581
ID1743,297.66806
ID1744,294.65875
ID1745,253.42926
ID1746,332.967
ID1747,258.65515
ID1748,323.96982
ID1749,327.51434
ID1750,305.9641
ID1751,308.07776
ID1752,279.9384
ID1753,284.7749
ID1754,289.07913
ID1755,252.46103
ID1756,309.33606
ID1757,338.16006
ID1758,296.145
ID1759,291.83118
ID1760,310.1128
ID1761,304.085
ID1762,329.07098
ID1763,300.64615
ID1764,276.0482
ID1765,305.23404
ID1766,263.16193
ID1767,362.2706
ID1768,276.3087
ID1769,285.86746
ID1770,260.73575
ID1771,301.52704
ID1772,267.7469
ID1773,305.18704
ID1774,349.52643
ID1775,293.60764
ID1776,342.68686
ID1777,313.11694
ID1778,245.09564
ID1779,277.03772
ID1780,285.63434
ID1781,316.39804
ID1782,323.92572
ID1783,296.95007
ID1784,259.79752
ID1785,302.0073
ID1786,272.19214
ID1787,321.17188
ID1788,241.39636
ID1789,302.71164
ID1790,299.61383
ID1791,352.02954
ID1792,353.74625
ID1793,303.36212
ID1794,294.4226
ID1795,272.34842
ID1796,291.51706
ID1797,291.58472
ID1798,305.79172
ID1799,284.49747
ID1800,338.32364
ID1801,281.49042
ID1802,233.15036
ID1803,276.51898
ID1804,289.40607
ID1805,317.43936
ID1806,296.09756
ID1807,327.0336
ID1808,268.59732
ID1809,298.9167
ID1810,308.15588
ID1811,289.35095
ID1812,323.78986
ID1813,335.79596
ID1814,279.568
ID1815,288.06244
ID1816,276.664
ID1817,313.2308
ID1818,376.5849
ID1819,326.11996
ID1820,327.93912
ID1821,284.82327
ID1822,367.2533
ID1823,367.56686
ID1824,300.39432
ID1825,348.4866
ID1826,332.30984
ID1827,317.2865
ID1828,304.04636
ID1829,339.18427
ID1830,332.80566
ID1831,334.57874
ID1832,360.1272
ID1833,317.61176
ID1834,324.00284
ID1835,330.7423
ID1836,287.53757
ID1837,312.97836
ID1838,338.32724
ID1839,267.8623
ID1840,291.7287
ID1841,293.8425
ID1842,309.38297
ID1843,326.34634
ID1844,317.10995
ID1845,361.28955
ID1846,317.38345
ID1847,300.64014
ID1848,295.13354
ID1849,273.27002
ID1850,310.98718
ID1851,237.01678
ID1852,286.67206
ID1853,290.57095
ID1854,312.92017
ID1855,264.0816
ID1856,323.3302
ID1857,291.5459
ID1858,289.08395
ID1859,342.81006
ID1860,295.7728
ID1861,296.7582
ID1862,360.51797
ID1863,319.24118
ID1864,279.48517
ID1865,226.3435
ID1866,344.85168
ID1867,297.6404
ID1868,282.60388
ID1869,280.15442
ID1870,292.36337
ID1871,353.3442
ID1872,290.02176
ID1873,319.25177
ID1874,298.8833
ID1875,257.2371
ID1876,350.9212
ID1877,346.75894
ID1878,309.34924
ID1879,343.15448
ID1880,289.49417
ID1881,258.56284
ID1882,276.07312
ID1883,313.56387
ID1884,271.18912
ID1885,340.94385
ID1886,265.88263
ID1887,275.16022
ID1888,331.06122
ID1889,280.71857
ID1890,325.61026
ID1891,245.85959
ID1892,316.42422
ID1893,305.36584
ID1894,284.79282
ID1895,263.70956
ID1896,314.3093
ID1897,278.18127
ID1898,233.49301
ID1899,306.13394
ID1900,282.1163
ID1901,276.34375
ID1902,302.31186
ID1903,346.19653
ID1904,284.23438
ID1905,306.06616
ID1906,301.40256
ID1907,286.00558
ID1908,309.99548
ID1909,292.09525
ID1910,305.04776
ID1911,298.32498
ID1912,265.36957
ID1913,345.2328
ID1914,309.80276
ID1915,289.44766
ID1916,330.09
ID1917,345.00262
ID1918,314.16776
ID1919,323.54294
ID1920,318.18835
ID1921,257.47772
ID1922,322.5547
ID1923,304.33057
ID1924,303.00812
ID1925,338.02087
ID1926,348.51663
ID1927,251.02756
ID1928,290.26837
ID1929,226.44817
ID1930,353.56293
ID1931,268.60678
ID1932,321.94254
ID1933,316.35898
ID1934,288.2402
ID1935,352.75092
ID1936,299.78452
ID1937,281.3924
ID1938,362.26425
ID1939,294.2105
ID1940,303.43793
ID1941,297.83682
ID1942,274.22617
ID1943,336.99057
ID1944,267.94162
ID1945,302.64783
ID1946,292.28168
ID1947,309.35828
ID1948,295.89377
ID1949,313.76663
ID1950,296.7735
ID1951,305.54913
ID1952,281.5906
ID1953,356.07413
ID1954,273.87683
ID1955,365.60242
ID1956,291.4803
ID1957,247.31786
ID1958,279.7838
ID1959,313.51953
ID1960,287.1409
ID1961,320.6829
ID1962,278.35474
ID1963,341.3592
ID1964,267.29034
ID1965,313.3683
ID1966,333.55496
ID1967,291.97165
ID1968,322.53397
ID1969,321.70602
ID1970,319.48947
ID1971,299.80814
ID1972,260.46906
ID1973,311.76846
ID1974,327.0725
ID1975,306.56903
ID1976,295.55826
ID1977,292.5215
ID1978,328.44714
ID1979,336.29855
ID1980,301.9829
ID1981,299.6618
ID1982,296.87625
ID1983,342.9866
ID1984,327.54404
ID1985,334.42014
ID1986,287.59216
ID1987,328.06946
ID1988,295.4658
ID1989,312.68024
ID1990,255.17001
ID1991,297.19525
ID1992,293.232
ID1993,319.23056
ID1994,263.93066
ID1995,302.2378
ID1996,339.76303
ID1997,286.4002
ID1998,278.4868
ID1999,333.4136
ID2000,330.65305
